{
  "feature_management": {
    "feature_flags": [
      {
        "id": "search_tool",
        "enabled": true
      },
      {
        "id": "image_upload",
        "enabled": true
      },
      {
        "id": "document_upload",
        "enabled": true
      },
      {
        "id": "cost_usage",
        "enabled": true
      },
      {
        "id": "campaign_spends_tool",
        "enabled": true
      },
      {
        "id": "personalize_slack_message_aggregator",
        "enabled": true
      },
      {
        "id": "mcp_tools",
        "enabled": true
      },
      {
        "id": "sequential-thinking",
        "enabled": true
      },
      {
        "id": "slack_agent_wrapper",
        "enabled": true,
        "conditions": {
          "client_filters": [
            {
              "name": "Microsoft.Targeting",
              "parameters": {
                "Audience": {
                  "Users": [],
                  "Groups": [
                    {
                      "Name": "beta",
                      "RolloutPercentage": 100
                    }
                  ],
                  "DefaultRolloutPercentage": 0
                }
              }
            }
          ]
        }
      },
      {
        "id": "adjust_mmp_report",
        "enabled": true,
        "conditions": {
          "client_filters": [
            {
              "name": "Microsoft.Targeting",
              "parameters": {
                "Audience": {
                  "Users": [],
                  "Groups": [
                    {
                      "Name": "beta",
                      "RolloutPercentage": 100
                    }
                  ],
                  "DefaultRolloutPercentage": 0
                }
              }
            }
          ]
        }
      },
      {
        "id": "jampp_partner_report",
        "enabled": true,
        "conditions": {
          "client_filters": [
            {
              "name": "Microsoft.Targeting",
              "parameters": {
                "Audience": {
                  "Users": [],
                  "Groups": [
                    {
                      "Name": "beta",
                      "RolloutPercentage": 100
                    }
                  ],
                  "DefaultRolloutPercentage": 0
                }
              }
            }
          ]
        }
      },
      {
        "id": "inmobi_partner_report",
        "enabled": true,
        "conditions": {
          "client_filters": [
            {
              "name": "Microsoft.Targeting",
              "parameters": {
                "Audience": {
                  "Users": [],
                  "Groups": [
                    {
                      "Name": "beta",
                      "RolloutPercentage": 100
                    }
                  ],
                  "DefaultRolloutPercentage": 0
                }
              }
            }
          ]
        }
      },
      {
        "id": "singular_mmp_report",
        "enabled": true
      }
    ]
  }
}
