{
  "containerDefinitions": [
    {
      "name": "core",
      "image": "${DOCKER_IMG}",
      "cpu": 1024,
      "memory": 2048,
      "memoryReservation": 1024,
      "portMappings": [
        {
          "containerPort": 8080,
          "protocol": "tcp"
        }
      ],
      "essential": true,
      "command": ["bin/run-slack-app.sh", "prod"],
      "environment": [
        {
          "name": "APPID",
          "value": "bedrock-ai-chatbot"
        },
        {
          "name": "APP_STAGE",
          "value": "stable"
        },
        {
          "name": "AWS_REGION_NAME",
          "value": "us-west-2"
        },
        {
          "name": "S3_BUCKET",
          "value": "bedrock-ai-chatbot"
        },
        {
          "name": "CLIENT_BILLING_API_URL",
          "value": "https://client-billing.feedmob.com/api/internal"
        },
        {
          "name": "VENDOR_BILLING_API_URL",
          "value": "https://vendors-billing.feedmob.com/api/internal"
        },
        {
          "name": "ALL_CLIENT_MONTHLY_GOAL_API_URL",
          "value": "https://admin.feedmob.com"
        },
        {
          "name": "LANGCHAIN_TRACING_V2",
          "value": "true"
        },
        {
          "name": "LANGCHAIN_ENDPOINT",
          "value": "https://api.smith.langchain.com"
        },
        {
          "name": "LANGCHAIN_PROJECT",
          "value": "prod-feedmob-bedrocks-ai-chatbot"
        },
        {
          "name": "FEMINI_BASE_URL",
          "value": "https://assistant.feedmob.ai"
        }
      ],
      "secrets": [
        {
          "name": "SLACK_BOT_TOKEN",
          "valueFrom": "arn:aws:ssm:us-east-1:246648750489:parameter/ecs_apps/bedrock-ai-chatbot/production/SLACK_BOT_TOKEN"
        },
        {
          "name": "SLACK_SIGNING_SECRET",
          "valueFrom": "arn:aws:ssm:us-east-1:246648750489:parameter/ecs_apps/bedrock-ai-chatbot/production/SLACK_SIGNING_SECRET"
        },
        {
          "name": "DATABASE_URL",
          "valueFrom": "arn:aws:ssm:us-east-1:246648750489:parameter/ecs_apps/bedrock-ai-chatbot/production/DATABASE_URL"
        },
        {
          "name": "CHECKPOINTER_DATABASE_URL",
          "valueFrom": "arn:aws:ssm:us-east-1:246648750489:parameter/ecs_apps/bedrock-ai-chatbot/production/CHECKPOINTER_DATABASE_URL"
        },
        {
          "name": "SENTRY_DSN",
          "valueFrom": "arn:aws:ssm:us-east-1:246648750489:parameter/ecs_apps/bedrock-ai-chatbot/production/SENTRY_DSN"
        },
        {
          "name": "CLIENT_BILLING_API_TOKEN",
          "valueFrom": "arn:aws:ssm:us-east-1:246648750489:parameter/ecs_apps/bedrock-ai-chatbot/production/CLIENT_BILLING_API_TOKEN"
        },
        {
          "name": "VENDOR_BILLING_API_TOKEN",
          "valueFrom": "arn:aws:ssm:us-east-1:246648750489:parameter/ecs_apps/bedrock-ai-chatbot/production/VENDOR_BILLING_API_TOKEN"
        },
        {
          "name": "ALL_CLIENT_MONTHLY_GOAL_API_TOKEN",
          "valueFrom": "arn:aws:ssm:us-east-1:246648750489:parameter/ecs_apps/bedrock-ai-chatbot/production/ALL_CLIENT_MONTHLY_GOAL_API_TOKEN"
        },
        {
          "name": "LANGCHAIN_API_KEY",
          "valueFrom": "arn:aws:ssm:us-east-1:246648750489:parameter/ecs_apps/bedrock-ai-chatbot/production/LANGCHAIN_API_KEY"
        },
        {
          "name": "GONG_ACCESS_KEY",
          "valueFrom": "arn:aws:ssm:us-east-1:246648750489:parameter/ecs_apps/bedrock-ai-chatbot/production/GONG_ACCESS_KEY"
        },
        {
          "name": "GONG_ACCESS_KEY_SECRET",
          "valueFrom": "arn:aws:ssm:us-east-1:246648750489:parameter/ecs_apps/bedrock-ai-chatbot/production/GONG_ACCESS_KEY_SECRET"
        },
        {
          "name": "TAVILY_API_KEY",
          "valueFrom": "arn:aws:ssm:us-east-1:246648750489:parameter/ecs_apps/bedrock-ai-chatbot/production/TAVILY_API_KEY"
        },
        {
          "name": "QDRANT_URL",
          "valueFrom": "arn:aws:ssm:us-east-1:246648750489:parameter/ecs_apps/bedrock-ai-chatbot/production/QDRANT_URL"
        },
        {
          "name": "QDRANT_API_KEY",
          "valueFrom": "arn:aws:ssm:us-east-1:246648750489:parameter/ecs_apps/bedrock-ai-chatbot/production/QDRANT_API_KEY"
        },
        {
          "name": "FEMINI_API_KEY",
          "valueFrom": "arn:aws:ssm:us-east-1:246648750489:parameter/ecs_apps/bedrock-ai-chatbot/production/FEMINI_API_KEY"
        },
        {
          "name": "OPENROUTER_API_KEY",
          "valueFrom": "arn:aws:ssm:us-east-1:246648750489:parameter/ecs_apps/bedrock-ai-chatbot/production/OPENROUTER_API_KEY"
        },
        {
          "name": "REPLICATE_API_TOKEN",
          "valueFrom": "arn:aws:ssm:us-east-1:246648750489:parameter/ecs_apps/bedrock-ai-chatbot/production/REPLICATE_API_TOKEN"
        },
        {
          "name": "ADJUST_TEXTNOW_ACCESS_TOKEN",
          "valueFrom": "arn:aws:ssm:us-east-1:246648750489:parameter/ecs_apps/bedrock-ai-chatbot/production/ADJUST_TEXTNOW_ACCESS_TOKEN"
        },
        {
          "name": "JAMPP_TEXTNOW_CLIENT_SECRET",
          "valueFrom": "arn:aws:ssm:us-east-1:246648750489:parameter/ecs_apps/bedrock-ai-chatbot/production/JAMPP_TEXTNOW_CLIENT_SECRET"
        },
        {
          "name": "INMOBI_API_CLIENT_ID",
          "valueFrom": "arn:aws:ssm:us-east-1:246648750489:parameter/ecs_apps/bedrock-ai-chatbot/production/INMOBI_API_CLIENT_ID"
        },
        {
          "name": "INMOBI_API_CLIENT_SECRET",
          "valueFrom": "arn:aws:ssm:us-east-1:246648750489:parameter/ecs_apps/bedrock-ai-chatbot/production/INMOBI_API_CLIENT_SECRET"
        }
      ],
      "mountPoints": [],
      "volumesFrom": [],
      "startTimeout": 60,
      "stopTimeout": 30,
      "readonlyRootFilesystem": false,
      "logConfiguration": {
        "logDriver": "awslogs",
        "options": {
          "awslogs-group": "/ecs/p-bedrock-ai-chatbot-slack-ai-assistant",
          "awslogs-region": "us-east-1",
          "awslogs-stream-prefix": "ecs"
        }
      },
      "healthCheck": {
        "command": [
          "CMD-SHELL",
          "curl -f http://localhost:8080/healthz || exit 1"
        ],
        "interval": 10,
        "timeout": 2,
        "retries": 5,
        "startPeriod": 15
      }
    }
  ],
  "family": "p-bedrock-ai-chatbot-slack-ai-assistant",
  "executionRoleArn": "arn:aws:iam::246648750489:role/ecsTaskExecutionRole",
  "taskRoleArn": "arn:aws:iam::246648750489:role/ecs-iam-role-bedrock-ai-chatbot",
  "networkMode": "bridge",
  "volumes": [],
  "placementConstraints": [],
  "requiresCompatibilities": ["EC2"]
}
