{
  "containerDefinitions": [
    {
      "name": "core",
      "image": "${DOCKER_IMG}",
      "cpu": 1024,
      "memory": 1024,
      "memoryReservation": 512,
      "portMappings": [],
      "essential": true,
      "command": ["bin/run-worker.sh"],
      "environment": [
        {
          "name": "APPID",
          "value": "bedrock-ai-chatbot"
        },
        {
          "name": "CHAINLIT_URL",
          "value": "https://claude.feedmob.com"
        },
        {
          "name": "AWS_REGION_NAME",
          "value": "us-west-2"
        },
        {
          "name": "S3_BUCKET",
          "value": "bedrock-ai-chatbot"
        },
        {
          "name": "CLIENT_BILLING_API_URL",
          "value": "https://client-billing.feedmob.com/api/internal"
        },
        {
          "name": "VENDOR_BILLING_API_URL",
          "value": "https://vendors-billing.feedmob.com/api/internal"
        },
        {
          "name": "ALL_CLIENT_MONTHLY_GOAL_API_URL",
          "value": "https://admin.feedmob.com"
        },
        {
          "name": "LANGCHAIN_TRACING_V2",
          "value": "true"
        },
        {
          "name": "LANGCHAIN_ENDPOINT",
          "value": "https://api.smith.langchain.com"
        },
        {
          "name": "LANGCHAIN_PROJECT",
          "value": "prod-feedmob-bedrocks-ai-chatbot"
        },
        {
          "name": "FEMINI_BASE_URL",
          "value": "https://assistant.feedmob.ai"
        }
      ],
      "secrets": [
        {
          "name": "SLACK_BOT_TOKEN",
          "valueFrom": "arn:aws:ssm:us-east-1:246648750489:parameter/ecs_apps/bedrock-ai-chatbot/production/SLACK_BOT_TOKEN"
        },
        {
          "name": "SLACK_SIGNING_SECRET",
          "valueFrom": "arn:aws:ssm:us-east-1:246648750489:parameter/ecs_apps/bedrock-ai-chatbot/production/SLACK_SIGNING_SECRET"
        },
        {
          "name": "BETA_SLACK_BOT_TOKEN",
          "valueFrom": "arn:aws:ssm:us-east-1:246648750489:parameter/ecs_apps/bedrock-ai-chatbot/production/BETA_SLACK_BOT_TOKEN"
        },
        {
          "name": "BETA_SLACK_SIGNING_SECRET",
          "valueFrom": "arn:aws:ssm:us-east-1:246648750489:parameter/ecs_apps/bedrock-ai-chatbot/production/BETA_SLACK_SIGNING_SECRET"
        },
        {
          "name": "DATABASE_URL",
          "valueFrom": "arn:aws:ssm:us-east-1:246648750489:parameter/ecs_apps/bedrock-ai-chatbot/production/DATABASE_URL"
        },
        {
          "name": "CHECKPOINTER_DATABASE_URL",
          "valueFrom": "arn:aws:ssm:us-east-1:246648750489:parameter/ecs_apps/bedrock-ai-chatbot/production/CHECKPOINTER_DATABASE_URL"
        },
        {
          "name": "CLIENT_BILLING_API_TOKEN",
          "valueFrom": "arn:aws:ssm:us-east-1:246648750489:parameter/ecs_apps/bedrock-ai-chatbot/production/CLIENT_BILLING_API_TOKEN"
        },
        {
          "name": "VENDOR_BILLING_API_TOKEN",
          "valueFrom": "arn:aws:ssm:us-east-1:246648750489:parameter/ecs_apps/bedrock-ai-chatbot/production/VENDOR_BILLING_API_TOKEN"
        },
        {
          "name": "ALL_CLIENT_MONTHLY_GOAL_API_TOKEN",
          "valueFrom": "arn:aws:ssm:us-east-1:246648750489:parameter/ecs_apps/bedrock-ai-chatbot/production/ALL_CLIENT_MONTHLY_GOAL_API_TOKEN"
        },
        {
          "name": "LANGCHAIN_API_KEY",
          "valueFrom": "arn:aws:ssm:us-east-1:246648750489:parameter/ecs_apps/bedrock-ai-chatbot/production/LANGCHAIN_API_KEY"
        },
        {
          "name": "SENDGRID_API_KEY",
          "valueFrom": "arn:aws:ssm:us-east-1:246648750489:parameter/ecs_apps/bedrock-ai-chatbot/production/SENDGRID_API_KEY"
        },
        {
          "name": "GOOGLE_CREDENTIALS__SERVICE_ACCOUNT__PRIVATE_KEY_ID",
          "valueFrom": "arn:aws:ssm:us-east-1:246648750489:parameter/ecs_apps/bedrock-ai-chatbot/production/GOOGLE_CREDENTIALS__SERVICE_ACCOUNT__PRIVATE_KEY_ID"
        },
        {
          "name": "GOOGLE_CREDENTIALS__SERVICE_ACCOUNT__PRIVATE_KEY",
          "valueFrom": "arn:aws:ssm:us-east-1:246648750489:parameter/ecs_apps/bedrock-ai-chatbot/production/GOOGLE_CREDENTIALS__SERVICE_ACCOUNT__PRIVATE_KEY"
        },
        {
          "name": "SENTRY_DSN",
          "valueFrom": "arn:aws:ssm:us-east-1:246648750489:parameter/ecs_apps/bedrock-ai-chatbot/production/SENTRY_DSN"
        },
        {
          "name": "GONG_ACCESS_KEY",
          "valueFrom": "arn:aws:ssm:us-east-1:246648750489:parameter/ecs_apps/bedrock-ai-chatbot/production/GONG_ACCESS_KEY"
        },
        {
          "name": "GONG_ACCESS_KEY_SECRET",
          "valueFrom": "arn:aws:ssm:us-east-1:246648750489:parameter/ecs_apps/bedrock-ai-chatbot/production/GONG_ACCESS_KEY_SECRET"
        },
        {
          "name": "TAVILY_API_KEY",
          "valueFrom": "arn:aws:ssm:us-east-1:246648750489:parameter/ecs_apps/bedrock-ai-chatbot/production/TAVILY_API_KEY"
        },
        {
          "name": "QDRANT_URL",
          "valueFrom": "arn:aws:ssm:us-east-1:246648750489:parameter/ecs_apps/bedrock-ai-chatbot/production/QDRANT_URL"
        },
        {
          "name": "QDRANT_API_KEY",
          "valueFrom": "arn:aws:ssm:us-east-1:246648750489:parameter/ecs_apps/bedrock-ai-chatbot/production/QDRANT_API_KEY"
        },
        {
          "name": "GITHUB_PERSONAL_ACCESS_TOKEN",
          "valueFrom": "arn:aws:ssm:us-east-1:246648750489:parameter/ecs_apps/bedrock-ai-chatbot/production/GITHUB_PERSONAL_ACCESS_TOKEN"
        },
        {
          "name": "OPENROUTER_API_KEY",
          "valueFrom": "arn:aws:ssm:us-east-1:246648750489:parameter/ecs_apps/bedrock-ai-chatbot/production/OPENROUTER_API_KEY"
        },
        {
          "name": "FEMINI_API_KEY",
          "valueFrom": "arn:aws:ssm:us-east-1:246648750489:parameter/ecs_apps/bedrock-ai-chatbot/production/FEMINI_API_KEY"
        }
      ],
      "mountPoints": [],
      "volumesFrom": [],
      "startTimeout": 30,
      "stopTimeout": 30,
      "readonlyRootFilesystem": false,
      "logConfiguration": {
        "logDriver": "awslogs",
        "options": {
          "awslogs-group": "/ecs/p-bedrock-ai-chatbot-scheduler",
          "awslogs-region": "us-east-1",
          "awslogs-stream-prefix": "ecs"
        }
      }
    }
  ],
  "family": "p-bedrock-ai-chatbot-scheduler",
  "executionRoleArn": "arn:aws:iam::246648750489:role/ecsTaskExecutionRole",
  "taskRoleArn": "arn:aws:iam::246648750489:role/ecs-iam-role-bedrock-ai-chatbot",
  "networkMode": "bridge",
  "volumes": [],
  "placementConstraints": [],
  "requiresCompatibilities": ["EC2"]
}
